topology,iteration,train_median_num_pairs_retained,test_median_num_pairs_retained,train_accuracy,test_accuracy,roc_auc_test,aps,confusion_matrix,classifier_path,cder_models_path,features_df_path,runtime
HHH,0,"{'train_h_0_pairs': {'green': 730.0, 'red': 711.0}, 'train_h_1_pairs': {'green': 1125.0, 'red': 1068.0}, 'train_h_2_pairs': {'green': 794.0, 'red': 742.5}}","{'test_h_0_pairs': {'green': 730.0, 'red': 711.0}, 'test_h_1_pairs': {'green': 1121.0, 'red': 1071.0}, 'test_h_2_pairs': {'green': 792.0, 'red': 743.0}}",0.9437689969604863,0.7919191919191919,0.8708148148148148,0.8811808122920062,"[[170  55]
 [ 48 222]]",classifiers/sme_cder_HHH_rf_clf_gs_0.pickle,"['cder_models/HHH_sme_cder_h0_model_iteration_0.pickle', 'cder_models/HHH_sme_cder_h1_model_iteration_0.pickle', 'cder_models/HHH_sme_cder_h2_model_iteration_0.pickle']","['features_dataframes/sme_cder_train_X_HHH_0.csv', 'features_dataframes/sme_cder_train_ylabels_HHH_0.csv', 'features_dataframes/sme_cder_test_X_HHH_0.csv', 'features_dataframes/sme_cder_test_ylabels_HHH_0.csv']",33047.22261238098
HHH,1,"{'train_h_0_pairs': {'green': 730.0, 'red': 710.5}, 'train_h_1_pairs': {'green': 1124.5, 'red': 1069.0}, 'train_h_2_pairs': {'green': 793.0, 'red': 743.0}}","{'test_h_0_pairs': {'green': 731.0, 'red': 714.0}, 'test_h_1_pairs': {'green': 1127.0, 'red': 1068.0}, 'test_h_2_pairs': {'green': 795.0, 'red': 741.0}}",0.9954407294832827,0.8141414141414142,0.8916213991769546,0.8979342937449781,"[[173  52]
 [ 40 230]]",classifiers/sme_cder_HHH_rf_clf_gs_1.pickle,"['cder_models/HHH_sme_cder_h0_model_iteration_1.pickle', 'cder_models/HHH_sme_cder_h1_model_iteration_1.pickle', 'cder_models/HHH_sme_cder_h2_model_iteration_1.pickle']","['features_dataframes/sme_cder_train_X_HHH_1.csv', 'features_dataframes/sme_cder_train_ylabels_HHH_1.csv', 'features_dataframes/sme_cder_test_X_HHH_1.csv', 'features_dataframes/sme_cder_test_ylabels_HHH_1.csv']",33165.093940496445
HHH,2,"{'train_h_0_pairs': {'green': 730.0, 'red': 711.0}, 'train_h_1_pairs': {'green': 1125.0, 'red': 1069.0}, 'train_h_2_pairs': {'green': 793.0, 'red': 741.0}}","{'test_h_0_pairs': {'green': 732.0, 'red': 709.0}, 'test_h_1_pairs': {'green': 1123.0, 'red': 1069.0}, 'test_h_2_pairs': {'green': 794.0, 'red': 748.0}}",0.9620060790273556,0.8282828282828283,0.8922304526748972,0.8929944855683483,"[[177  48]
 [ 37 233]]",classifiers/sme_cder_HHH_rf_clf_gs_2.pickle,"['cder_models/HHH_sme_cder_h0_model_iteration_2.pickle', 'cder_models/HHH_sme_cder_h1_model_iteration_2.pickle', 'cder_models/HHH_sme_cder_h2_model_iteration_2.pickle']","['features_dataframes/sme_cder_train_X_HHH_2.csv', 'features_dataframes/sme_cder_train_ylabels_HHH_2.csv', 'features_dataframes/sme_cder_test_X_HHH_2.csv', 'features_dataframes/sme_cder_test_ylabels_HHH_2.csv']",36004.423268556595
HHH,3,"{'train_h_0_pairs': {'green': 730.0, 'red': 711.0}, 'train_h_1_pairs': {'green': 1124.0, 'red': 1068.0}, 'train_h_2_pairs': {'green': 794.0, 'red': 743.0}}","{'test_h_0_pairs': {'green': 734.0, 'red': 713.0}, 'test_h_1_pairs': {'green': 1130.0, 'red': 1070.0}, 'test_h_2_pairs': {'green': 791.5, 'red': 741.0}}",0.9721377912867275,0.793939393939394,0.8783703703703704,0.8929486205135685,"[[176  49]
 [ 53 217]]",classifiers/sme_cder_HHH_rf_clf_gs_3.pickle,"['cder_models/HHH_sme_cder_h0_model_iteration_3.pickle', 'cder_models/HHH_sme_cder_h1_model_iteration_3.pickle', 'cder_models/HHH_sme_cder_h2_model_iteration_3.pickle']","['features_dataframes/sme_cder_train_X_HHH_3.csv', 'features_dataframes/sme_cder_train_ylabels_HHH_3.csv', 'features_dataframes/sme_cder_test_X_HHH_3.csv', 'features_dataframes/sme_cder_test_ylabels_HHH_3.csv']",33144.40923452377
HHH,4,"{'train_h_0_pairs': {'green': 730.0, 'red': 711.0}, 'train_h_1_pairs': {'green': 1125.0, 'red': 1069.0}, 'train_h_2_pairs': {'green': 793.0, 'red': 741.0}}","{'test_h_0_pairs': {'green': 730.5, 'red': 709.0}, 'test_h_1_pairs': {'green': 1126.0, 'red': 1067.0}, 'test_h_2_pairs': {'green': 797.5, 'red': 745.0}}",0.9235055724417427,0.7636363636363637,0.8616625514403293,0.883638983912902,"[[163  62]
 [ 55 215]]",classifiers/sme_cder_HHH_rf_clf_gs_4.pickle,"['cder_models/HHH_sme_cder_h0_model_iteration_4.pickle', 'cder_models/HHH_sme_cder_h1_model_iteration_4.pickle', 'cder_models/HHH_sme_cder_h2_model_iteration_4.pickle']","['features_dataframes/sme_cder_train_X_HHH_4.csv', 'features_dataframes/sme_cder_train_ylabels_HHH_4.csv', 'features_dataframes/sme_cder_test_X_HHH_4.csv', 'features_dataframes/sme_cder_test_ylabels_HHH_4.csv']",36586.31405258179
HHH,5,"{'train_h_0_pairs': {'green': 731.0, 'red': 711.0}, 'train_h_1_pairs': {'green': 1126.0, 'red': 1070.0}, 'train_h_2_pairs': {'green': 794.0, 'red': 743.0}}","{'test_h_0_pairs': {'green': 729.5, 'red': 709.0}, 'test_h_1_pairs': {'green': 1121.0, 'red': 1065.0}, 'test_h_2_pairs': {'green': 790.0, 'red': 737.0}}",0.9351570415400202,0.8121212121212121,0.8959341563786007,0.9034811204816695,"[[181  44]
 [ 49 221]]",classifiers/sme_cder_HHH_rf_clf_gs_5.pickle,"['cder_models/HHH_sme_cder_h0_model_iteration_5.pickle', 'cder_models/HHH_sme_cder_h1_model_iteration_5.pickle', 'cder_models/HHH_sme_cder_h2_model_iteration_5.pickle']","['features_dataframes/sme_cder_train_X_HHH_5.csv', 'features_dataframes/sme_cder_train_ylabels_HHH_5.csv', 'features_dataframes/sme_cder_test_X_HHH_5.csv', 'features_dataframes/sme_cder_test_ylabels_HHH_5.csv']",33179.56814098358
HHH,6,"{'train_h_0_pairs': {'green': 730.0, 'red': 711.0}, 'train_h_1_pairs': {'green': 1125.5, 'red': 1069.0}, 'train_h_2_pairs': {'green': 794.0, 'red': 743.0}}","{'test_h_0_pairs': {'green': 731.0, 'red': 711.0}, 'test_h_1_pairs': {'green': 1121.0, 'red': 1068.0}, 'test_h_2_pairs': {'green': 791.0, 'red': 740.0}}",0.977710233029382,0.8262626262626263,0.8970534979423869,0.9074926182031519,"[[176  49]
 [ 37 233]]",classifiers/sme_cder_HHH_rf_clf_gs_6.pickle,"['cder_models/HHH_sme_cder_h0_model_iteration_6.pickle', 'cder_models/HHH_sme_cder_h1_model_iteration_6.pickle', 'cder_models/HHH_sme_cder_h2_model_iteration_6.pickle']","['features_dataframes/sme_cder_train_X_HHH_6.csv', 'features_dataframes/sme_cder_train_ylabels_HHH_6.csv', 'features_dataframes/sme_cder_test_X_HHH_6.csv', 'features_dataframes/sme_cder_test_ylabels_HHH_6.csv']",33149.37564396858
HHH,7,"{'train_h_0_pairs': {'green': 730.0, 'red': 711.0}, 'train_h_1_pairs': {'green': 1125.0, 'red': 1068.0}, 'train_h_2_pairs': {'green': 794.0, 'red': 742.0}}","{'test_h_0_pairs': {'green': 731.5, 'red': 712.0}, 'test_h_1_pairs': {'green': 1126.0, 'red': 1071.0}, 'test_h_2_pairs': {'green': 792.5, 'red': 746.0}}",0.9797365754812564,0.7838383838383839,0.8737777777777778,0.8861285600736031,"[[169  56]
 [ 51 219]]",classifiers/sme_cder_HHH_rf_clf_gs_7.pickle,"['cder_models/HHH_sme_cder_h0_model_iteration_7.pickle', 'cder_models/HHH_sme_cder_h1_model_iteration_7.pickle', 'cder_models/HHH_sme_cder_h2_model_iteration_7.pickle']","['features_dataframes/sme_cder_train_X_HHH_7.csv', 'features_dataframes/sme_cder_train_ylabels_HHH_7.csv', 'features_dataframes/sme_cder_test_X_HHH_7.csv', 'features_dataframes/sme_cder_test_ylabels_HHH_7.csv']",34922.079773664474
HHH,8,"{'train_h_0_pairs': {'green': 730.0, 'red': 711.0}, 'train_h_1_pairs': {'green': 1125.0, 'red': 1069.0}, 'train_h_2_pairs': {'green': 793.5, 'red': 743.0}}","{'test_h_0_pairs': {'green': 732.0, 'red': 711.0}, 'test_h_1_pairs': {'green': 1127.0, 'red': 1069.0}, 'test_h_2_pairs': {'green': 793.0, 'red': 742.0}}",0.993920972644377,0.8222222222222222,0.8905514403292181,0.893851561126116,"[[177  48]
 [ 40 230]]",classifiers/sme_cder_HHH_rf_clf_gs_8.pickle,"['cder_models/HHH_sme_cder_h0_model_iteration_8.pickle', 'cder_models/HHH_sme_cder_h1_model_iteration_8.pickle', 'cder_models/HHH_sme_cder_h2_model_iteration_8.pickle']","['features_dataframes/sme_cder_train_X_HHH_8.csv', 'features_dataframes/sme_cder_train_ylabels_HHH_8.csv', 'features_dataframes/sme_cder_test_X_HHH_8.csv', 'features_dataframes/sme_cder_test_ylabels_HHH_8.csv']",33850.167716026306
HHH,9,"{'train_h_0_pairs': {'green': 730.0, 'red': 711.0}, 'train_h_1_pairs': {'green': 1126.0, 'red': 1068.5}, 'train_h_2_pairs': {'green': 794.0, 'red': 742.0}}","{'test_h_0_pairs': {'green': 730.0, 'red': 711.0}, 'test_h_1_pairs': {'green': 1119.5, 'red': 1070.0}, 'test_h_2_pairs': {'green': 789.0, 'red': 744.0}}",0.9017223910840932,0.8,0.8711111111111112,0.876392262322635,"[[176  49]
 [ 50 220]]",classifiers/sme_cder_HHH_rf_clf_gs_9.pickle,"['cder_models/HHH_sme_cder_h0_model_iteration_9.pickle', 'cder_models/HHH_sme_cder_h1_model_iteration_9.pickle', 'cder_models/HHH_sme_cder_h2_model_iteration_9.pickle']","['features_dataframes/sme_cder_train_X_HHH_9.csv', 'features_dataframes/sme_cder_train_ylabels_HHH_9.csv', 'features_dataframes/sme_cder_test_X_HHH_9.csv', 'features_dataframes/sme_cder_test_ylabels_HHH_9.csv']",32695.50246667862
EEHEE,0,"{'train_h_0_pairs': {'green': 697.0, 'red': 649.0}, 'train_h_1_pairs': {'green': 1081.0, 'red': 961.0}, 'train_h_2_pairs': {'green': 733.0, 'red': 619.0}}","{'test_h_0_pairs': {'green': 696.5, 'red': 650.5}, 'test_h_1_pairs': {'green': 1078.0, 'red': 964.5}, 'test_h_2_pairs': {'green': 734.0, 'red': 627.0}}",0.990280777537797,0.9827586206896551,0.9962841854934602,0.99718140617456,"[[114   2]
 [  2 114]]",classifiers/sme_cder_EEHEE_rf_clf_gs_0.pickle,"['cder_models/EEHEE_sme_cder_h0_model_iteration_0.pickle', 'cder_models/EEHEE_sme_cder_h1_model_iteration_0.pickle', 'cder_models/EEHEE_sme_cder_h2_model_iteration_0.pickle']","['features_dataframes/sme_cder_train_X_EEHEE_0.csv', 'features_dataframes/sme_cder_train_ylabels_EEHEE_0.csv', 'features_dataframes/sme_cder_test_X_EEHEE_0.csv', 'features_dataframes/sme_cder_test_ylabels_EEHEE_0.csv']",5273.625442743301
EEHEE,1,"{'train_h_0_pairs': {'green': 697.0, 'red': 649.0}, 'train_h_1_pairs': {'green': 1080.0, 'red': 962.0}, 'train_h_2_pairs': {'green': 733.0, 'red': 619.0}}","{'test_h_0_pairs': {'green': 697.0, 'red': 650.5}, 'test_h_1_pairs': {'green': 1083.5, 'red': 961.0}, 'test_h_2_pairs': {'green': 734.5, 'red': 622.5}}",0.9913606911447084,0.9698275862068966,0.9966557669441143,0.9971357730100349,"[[111   5]
 [  2 114]]",classifiers/sme_cder_EEHEE_rf_clf_gs_1.pickle,"['cder_models/EEHEE_sme_cder_h0_model_iteration_1.pickle', 'cder_models/EEHEE_sme_cder_h1_model_iteration_1.pickle', 'cder_models/EEHEE_sme_cder_h2_model_iteration_1.pickle']","['features_dataframes/sme_cder_train_X_EEHEE_1.csv', 'features_dataframes/sme_cder_train_ylabels_EEHEE_1.csv', 'features_dataframes/sme_cder_test_X_EEHEE_1.csv', 'features_dataframes/sme_cder_test_ylabels_EEHEE_1.csv']",5232.441880702972
EEHEE,2,"{'train_h_0_pairs': {'green': 697.0, 'red': 649.0}, 'train_h_1_pairs': {'green': 1080.0, 'red': 962.0}, 'train_h_2_pairs': {'green': 733.0, 'red': 620.0}}","{'test_h_0_pairs': {'green': 697.0, 'red': 649.0}, 'test_h_1_pairs': {'green': 1081.5, 'red': 958.5}, 'test_h_2_pairs': {'green': 733.5, 'red': 615.0}}",0.9816414686825053,0.978448275862069,0.997473246135553,0.9977216269826704,"[[113   3]
 [  2 114]]",classifiers/sme_cder_EEHEE_rf_clf_gs_2.pickle,"['cder_models/EEHEE_sme_cder_h0_model_iteration_2.pickle', 'cder_models/EEHEE_sme_cder_h1_model_iteration_2.pickle', 'cder_models/EEHEE_sme_cder_h2_model_iteration_2.pickle']","['features_dataframes/sme_cder_train_X_EEHEE_2.csv', 'features_dataframes/sme_cder_train_ylabels_EEHEE_2.csv', 'features_dataframes/sme_cder_test_X_EEHEE_2.csv', 'features_dataframes/sme_cder_test_ylabels_EEHEE_2.csv']",6057.170120477676
EEHEE,3,"{'train_h_0_pairs': {'green': 696.0, 'red': 649.0}, 'train_h_1_pairs': {'green': 1080.0, 'red': 963.0}, 'train_h_2_pairs': {'green': 732.0, 'red': 621.0}}","{'test_h_0_pairs': {'green': 699.0, 'red': 648.0}, 'test_h_1_pairs': {'green': 1086.5, 'red': 952.5}, 'test_h_2_pairs': {'green': 735.5, 'red': 610.5}}",1.0,0.9827586206896551,0.9965442925089179,0.9975142796699809,"[[113   3]
 [  1 115]]",classifiers/sme_cder_EEHEE_rf_clf_gs_3.pickle,"['cder_models/EEHEE_sme_cder_h0_model_iteration_3.pickle', 'cder_models/EEHEE_sme_cder_h1_model_iteration_3.pickle', 'cder_models/EEHEE_sme_cder_h2_model_iteration_3.pickle']","['features_dataframes/sme_cder_train_X_EEHEE_3.csv', 'features_dataframes/sme_cder_train_ylabels_EEHEE_3.csv', 'features_dataframes/sme_cder_test_X_EEHEE_3.csv', 'features_dataframes/sme_cder_test_ylabels_EEHEE_3.csv']",5898.9160697460175
EEHEE,4,"{'train_h_0_pairs': {'green': 697.0, 'red': 650.0}, 'train_h_1_pairs': {'green': 1081.0, 'red': 962.0}, 'train_h_2_pairs': {'green': 733.0, 'red': 619.0}}","{'test_h_0_pairs': {'green': 698.0, 'red': 649.0}, 'test_h_1_pairs': {'green': 1081.5, 'red': 959.5}, 'test_h_2_pairs': {'green': 734.5, 'red': 621.0}}",0.9946004319654428,0.978448275862069,0.9957639714625446,0.9966433790456188,"[[112   4]
 [  1 115]]",classifiers/sme_cder_EEHEE_rf_clf_gs_4.pickle,"['cder_models/EEHEE_sme_cder_h0_model_iteration_4.pickle', 'cder_models/EEHEE_sme_cder_h1_model_iteration_4.pickle', 'cder_models/EEHEE_sme_cder_h2_model_iteration_4.pickle']","['features_dataframes/sme_cder_train_X_EEHEE_4.csv', 'features_dataframes/sme_cder_train_ylabels_EEHEE_4.csv', 'features_dataframes/sme_cder_test_X_EEHEE_4.csv', 'features_dataframes/sme_cder_test_ylabels_EEHEE_4.csv']",5172.234861135483
EEHEE,5,"{'train_h_0_pairs': {'green': 697.0, 'red': 649.0}, 'train_h_1_pairs': {'green': 1081.0, 'red': 961.0}, 'train_h_2_pairs': {'green': 733.0, 'red': 619.0}}","{'test_h_0_pairs': {'green': 697.0, 'red': 648.0}, 'test_h_1_pairs': {'green': 1081.0, 'red': 965.0}, 'test_h_2_pairs': {'green': 732.5, 'red': 625.5}}",1.0,0.9870689655172413,0.9981420927467302,0.9980551291621,"[[113   3]
 [  0 116]]",classifiers/sme_cder_EEHEE_rf_clf_gs_5.pickle,"['cder_models/EEHEE_sme_cder_h0_model_iteration_5.pickle', 'cder_models/EEHEE_sme_cder_h1_model_iteration_5.pickle', 'cder_models/EEHEE_sme_cder_h2_model_iteration_5.pickle']","['features_dataframes/sme_cder_train_X_EEHEE_5.csv', 'features_dataframes/sme_cder_train_ylabels_EEHEE_5.csv', 'features_dataframes/sme_cder_test_X_EEHEE_5.csv', 'features_dataframes/sme_cder_test_ylabels_EEHEE_5.csv']",5581.81872177124
EEHEE,6,"{'train_h_0_pairs': {'green': 697.0, 'red': 649.0}, 'train_h_1_pairs': {'green': 1081.0, 'red': 961.0}, 'train_h_2_pairs': {'green': 733.0, 'red': 619.0}}","{'test_h_0_pairs': {'green': 698.0, 'red': 650.0}, 'test_h_1_pairs': {'green': 1081.0, 'red': 967.0}, 'test_h_2_pairs': {'green': 736.0, 'red': 622.5}}",0.9924406047516199,0.9655172413793104,0.9924940546967895,0.9928459107115667,"[[109   7]
 [  1 115]]",classifiers/sme_cder_EEHEE_rf_clf_gs_6.pickle,"['cder_models/EEHEE_sme_cder_h0_model_iteration_6.pickle', 'cder_models/EEHEE_sme_cder_h1_model_iteration_6.pickle', 'cder_models/EEHEE_sme_cder_h2_model_iteration_6.pickle']","['features_dataframes/sme_cder_train_X_EEHEE_6.csv', 'features_dataframes/sme_cder_train_ylabels_EEHEE_6.csv', 'features_dataframes/sme_cder_test_X_EEHEE_6.csv', 'features_dataframes/sme_cder_test_ylabels_EEHEE_6.csv']",5938.656254768372
EEHEE,7,"{'train_h_0_pairs': {'green': 696.0, 'red': 650.0}, 'train_h_1_pairs': {'green': 1081.0, 'red': 962.0}, 'train_h_2_pairs': {'green': 733.0, 'red': 620.0}}","{'test_h_0_pairs': {'green': 701.0, 'red': 648.0}, 'test_h_1_pairs': {'green': 1078.0, 'red': 960.0}, 'test_h_2_pairs': {'green': 733.5, 'red': 615.5}}",0.9881209503239741,0.978448275862069,0.998513674197384,0.9985631020313435,"[[113   3]
 [  2 114]]",classifiers/sme_cder_EEHEE_rf_clf_gs_7.pickle,"['cder_models/EEHEE_sme_cder_h0_model_iteration_7.pickle', 'cder_models/EEHEE_sme_cder_h1_model_iteration_7.pickle', 'cder_models/EEHEE_sme_cder_h2_model_iteration_7.pickle']","['features_dataframes/sme_cder_train_X_EEHEE_7.csv', 'features_dataframes/sme_cder_train_ylabels_EEHEE_7.csv', 'features_dataframes/sme_cder_test_X_EEHEE_7.csv', 'features_dataframes/sme_cder_test_ylabels_EEHEE_7.csv']",6535.1526119709015
EEHEE,8,"{'train_h_0_pairs': {'green': 696.0, 'red': 650.0}, 'train_h_1_pairs': {'green': 1081.0, 'red': 961.0}, 'train_h_2_pairs': {'green': 733.0, 'red': 619.0}}","{'test_h_0_pairs': {'green': 698.0, 'red': 648.0}, 'test_h_1_pairs': {'green': 1082.0, 'red': 966.5}, 'test_h_2_pairs': {'green': 734.0, 'red': 620.0}}",0.9946004319654428,0.978448275862069,0.9986623067776457,0.9986856913894696,"[[112   4]
 [  1 115]]",classifiers/sme_cder_EEHEE_rf_clf_gs_8.pickle,"['cder_models/EEHEE_sme_cder_h0_model_iteration_8.pickle', 'cder_models/EEHEE_sme_cder_h1_model_iteration_8.pickle', 'cder_models/EEHEE_sme_cder_h2_model_iteration_8.pickle']","['features_dataframes/sme_cder_train_X_EEHEE_8.csv', 'features_dataframes/sme_cder_train_ylabels_EEHEE_8.csv', 'features_dataframes/sme_cder_test_X_EEHEE_8.csv', 'features_dataframes/sme_cder_test_ylabels_EEHEE_8.csv']",7100.360970497131
EEHEE,9,"{'train_h_0_pairs': {'green': 696.0, 'red': 650.0}, 'train_h_1_pairs': {'green': 1080.0, 'red': 962.0}, 'train_h_2_pairs': {'green': 733.0, 'red': 620.0}}","{'test_h_0_pairs': {'green': 699.0, 'red': 647.5}, 'test_h_1_pairs': {'green': 1085.0, 'red': 956.0}, 'test_h_2_pairs': {'green': 738.0, 'red': 616.0}}",0.9935205183585313,0.978448275862069,0.9965071343638525,0.9961517299314182,"[[111   5]
 [  0 116]]",classifiers/sme_cder_EEHEE_rf_clf_gs_9.pickle,"['cder_models/EEHEE_sme_cder_h0_model_iteration_9.pickle', 'cder_models/EEHEE_sme_cder_h1_model_iteration_9.pickle', 'cder_models/EEHEE_sme_cder_h2_model_iteration_9.pickle']","['features_dataframes/sme_cder_train_X_EEHEE_9.csv', 'features_dataframes/sme_cder_train_ylabels_EEHEE_9.csv', 'features_dataframes/sme_cder_test_X_EEHEE_9.csv', 'features_dataframes/sme_cder_test_ylabels_EEHEE_9.csv']",5942.142037630081
HEEH,0,"{'train_h_0_pairs': {'green': 714.0, 'red': 692.5}, 'train_h_1_pairs': {'green': 1085.5, 'red': 1030.5}, 'train_h_2_pairs': {'green': 734.5, 'red': 694.0}}","{'test_h_0_pairs': {'green': 711.0, 'red': 696.0}, 'test_h_1_pairs': {'green': 1087.5, 'red': 1014.0}, 'test_h_2_pairs': {'green': 752.5, 'red': 674.0}}",0.9042553191489362,0.8958333333333334,0.9565972222222222,0.9555067273607931,"[[21  3]
 [ 2 22]]",classifiers/sme_cder_HEEH_rf_clf_gs_0.pickle,"['cder_models/HEEH_sme_cder_h0_model_iteration_0.pickle', 'cder_models/HEEH_sme_cder_h1_model_iteration_0.pickle', 'cder_models/HEEH_sme_cder_h2_model_iteration_0.pickle']","['features_dataframes/sme_cder_train_X_HEEH_0.csv', 'features_dataframes/sme_cder_train_ylabels_HEEH_0.csv', 'features_dataframes/sme_cder_test_X_HEEH_0.csv', 'features_dataframes/sme_cder_test_ylabels_HEEH_0.csv']",506.9678120613098
HEEH,1,"{'train_h_0_pairs': {'green': 712.5, 'red': 692.5}, 'train_h_1_pairs': {'green': 1087.0, 'red': 1027.5}, 'train_h_2_pairs': {'green': 735.5, 'red': 691.0}}","{'test_h_0_pairs': {'green': 714.5, 'red': 695.5}, 'test_h_1_pairs': {'green': 1080.5, 'red': 1030.5}, 'test_h_2_pairs': {'green': 744.5, 'red': 690.0}}",0.8882978723404256,0.7708333333333334,0.7916666666666667,0.7302719655275447,"[[17  7]
 [ 4 20]]",classifiers/sme_cder_HEEH_rf_clf_gs_1.pickle,"['cder_models/HEEH_sme_cder_h0_model_iteration_1.pickle', 'cder_models/HEEH_sme_cder_h1_model_iteration_1.pickle', 'cder_models/HEEH_sme_cder_h2_model_iteration_1.pickle']","['features_dataframes/sme_cder_train_X_HEEH_1.csv', 'features_dataframes/sme_cder_train_ylabels_HEEH_1.csv', 'features_dataframes/sme_cder_test_X_HEEH_1.csv', 'features_dataframes/sme_cder_test_ylabels_HEEH_1.csv']",481.98738169670105
HEEH,2,"{'train_h_0_pairs': {'green': 713.0, 'red': 694.5}, 'train_h_1_pairs': {'green': 1086.5, 'red': 1031.5}, 'train_h_2_pairs': {'green': 736.5, 'red': 692.0}}","{'test_h_0_pairs': {'green': 714.5, 'red': 688.5}, 'test_h_1_pairs': {'green': 1086.5, 'red': 1014.5}, 'test_h_2_pairs': {'green': 733.5, 'red': 683.5}}",0.8829787234042553,0.8125,0.8472222222222222,0.8547335692072534,"[[20  4]
 [ 5 19]]",classifiers/sme_cder_HEEH_rf_clf_gs_2.pickle,"['cder_models/HEEH_sme_cder_h0_model_iteration_2.pickle', 'cder_models/HEEH_sme_cder_h1_model_iteration_2.pickle', 'cder_models/HEEH_sme_cder_h2_model_iteration_2.pickle']","['features_dataframes/sme_cder_train_X_HEEH_2.csv', 'features_dataframes/sme_cder_train_ylabels_HEEH_2.csv', 'features_dataframes/sme_cder_test_X_HEEH_2.csv', 'features_dataframes/sme_cder_test_ylabels_HEEH_2.csv']",420.460173368454
HEEH,3,"{'train_h_0_pairs': {'green': 712.0, 'red': 694.5}, 'train_h_1_pairs': {'green': 1087.5, 'red': 1030.5}, 'train_h_2_pairs': {'green': 735.5, 'red': 691.5}}","{'test_h_0_pairs': {'green': 719.0, 'red': 688.0}, 'test_h_1_pairs': {'green': 1080.5, 'red': 1014.5}, 'test_h_2_pairs': {'green': 739.0, 'red': 687.5}}",0.9946808510638298,0.7916666666666666,0.9322916666666667,0.9470812233743269,"[[17  7]
 [ 3 21]]",classifiers/sme_cder_HEEH_rf_clf_gs_3.pickle,"['cder_models/HEEH_sme_cder_h0_model_iteration_3.pickle', 'cder_models/HEEH_sme_cder_h1_model_iteration_3.pickle', 'cder_models/HEEH_sme_cder_h2_model_iteration_3.pickle']","['features_dataframes/sme_cder_train_X_HEEH_3.csv', 'features_dataframes/sme_cder_train_ylabels_HEEH_3.csv', 'features_dataframes/sme_cder_test_X_HEEH_3.csv', 'features_dataframes/sme_cder_test_ylabels_HEEH_3.csv']",565.9111530780792
HEEH,4,"{'train_h_0_pairs': {'green': 712.0, 'red': 693.0}, 'train_h_1_pairs': {'green': 1083.5, 'red': 1030.5}, 'train_h_2_pairs': {'green': 734.5, 'red': 687.0}}","{'test_h_0_pairs': {'green': 719.5, 'red': 692.0}, 'test_h_1_pairs': {'green': 1092.5, 'red': 1012.5}, 'test_h_2_pairs': {'green': 742.5, 'red': 692.5}}",0.9361702127659575,0.7916666666666666,0.84375,0.8398429017923335,"[[19  5]
 [ 5 19]]",classifiers/sme_cder_HEEH_rf_clf_gs_4.pickle,"['cder_models/HEEH_sme_cder_h0_model_iteration_4.pickle', 'cder_models/HEEH_sme_cder_h1_model_iteration_4.pickle', 'cder_models/HEEH_sme_cder_h2_model_iteration_4.pickle']","['features_dataframes/sme_cder_train_X_HEEH_4.csv', 'features_dataframes/sme_cder_train_ylabels_HEEH_4.csv', 'features_dataframes/sme_cder_test_X_HEEH_4.csv', 'features_dataframes/sme_cder_test_ylabels_HEEH_4.csv']",482.73682594299316
HEEH,5,"{'train_h_0_pairs': {'green': 711.5, 'red': 693.0}, 'train_h_1_pairs': {'green': 1086.0, 'red': 1030.5}, 'train_h_2_pairs': {'green': 735.5, 'red': 691.5}}","{'test_h_0_pairs': {'green': 715.5, 'red': 693.0}, 'test_h_1_pairs': {'green': 1089.5, 'red': 1023.0}, 'test_h_2_pairs': {'green': 741.5, 'red': 687.5}}",0.8723404255319149,0.7708333333333334,0.8350694444444444,0.8582661673473833,"[[20  4]
 [ 7 17]]",classifiers/sme_cder_HEEH_rf_clf_gs_5.pickle,"['cder_models/HEEH_sme_cder_h0_model_iteration_5.pickle', 'cder_models/HEEH_sme_cder_h1_model_iteration_5.pickle', 'cder_models/HEEH_sme_cder_h2_model_iteration_5.pickle']","['features_dataframes/sme_cder_train_X_HEEH_5.csv', 'features_dataframes/sme_cder_train_ylabels_HEEH_5.csv', 'features_dataframes/sme_cder_test_X_HEEH_5.csv', 'features_dataframes/sme_cder_test_ylabels_HEEH_5.csv']",485.5445644855499
HEEH,6,"{'train_h_0_pairs': {'green': 715.0, 'red': 692.5}, 'train_h_1_pairs': {'green': 1086.5, 'red': 1026.0}, 'train_h_2_pairs': {'green': 734.5, 'red': 687.0}}","{'test_h_0_pairs': {'green': 711.5, 'red': 695.5}, 'test_h_1_pairs': {'green': 1085.0, 'red': 1031.5}, 'test_h_2_pairs': {'green': 741.0, 'red': 702.5}}",0.9840425531914894,0.7083333333333334,0.8072916666666666,0.7940934040609469,"[[18  6]
 [ 8 16]]",classifiers/sme_cder_HEEH_rf_clf_gs_6.pickle,"['cder_models/HEEH_sme_cder_h0_model_iteration_6.pickle', 'cder_models/HEEH_sme_cder_h1_model_iteration_6.pickle', 'cder_models/HEEH_sme_cder_h2_model_iteration_6.pickle']","['features_dataframes/sme_cder_train_X_HEEH_6.csv', 'features_dataframes/sme_cder_train_ylabels_HEEH_6.csv', 'features_dataframes/sme_cder_test_X_HEEH_6.csv', 'features_dataframes/sme_cder_test_ylabels_HEEH_6.csv']",511.41096210479736
HEEH,7,"{'train_h_0_pairs': {'green': 714.5, 'red': 693.5}, 'train_h_1_pairs': {'green': 1087.0, 'red': 1031.0}, 'train_h_2_pairs': {'green': 737.0, 'red': 692.0}}","{'test_h_0_pairs': {'green': 710.5, 'red': 691.0}, 'test_h_1_pairs': {'green': 1074.5, 'red': 1017.5}, 'test_h_2_pairs': {'green': 730.5, 'red': 674.0}}",0.925531914893617,0.8333333333333334,0.9079861111111112,0.838760609688175,"[[19  5]
 [ 3 21]]",classifiers/sme_cder_HEEH_rf_clf_gs_7.pickle,"['cder_models/HEEH_sme_cder_h0_model_iteration_7.pickle', 'cder_models/HEEH_sme_cder_h1_model_iteration_7.pickle', 'cder_models/HEEH_sme_cder_h2_model_iteration_7.pickle']","['features_dataframes/sme_cder_train_X_HEEH_7.csv', 'features_dataframes/sme_cder_train_ylabels_HEEH_7.csv', 'features_dataframes/sme_cder_test_X_HEEH_7.csv', 'features_dataframes/sme_cder_test_ylabels_HEEH_7.csv']",542.5342924594879
HEEH,8,"{'train_h_0_pairs': {'green': 713.5, 'red': 695.0}, 'train_h_1_pairs': {'green': 1085.0, 'red': 1026.5}, 'train_h_2_pairs': {'green': 733.5, 'red': 692.0}}","{'test_h_0_pairs': {'green': 713.5, 'red': 689.5}, 'test_h_1_pairs': {'green': 1094.0, 'red': 1030.5}, 'test_h_2_pairs': {'green': 764.0, 'red': 680.5}}",0.8882978723404256,0.8958333333333334,0.9583333333333333,0.9710219455341407,"[[21  3]
 [ 2 22]]",classifiers/sme_cder_HEEH_rf_clf_gs_8.pickle,"['cder_models/HEEH_sme_cder_h0_model_iteration_8.pickle', 'cder_models/HEEH_sme_cder_h1_model_iteration_8.pickle', 'cder_models/HEEH_sme_cder_h2_model_iteration_8.pickle']","['features_dataframes/sme_cder_train_X_HEEH_8.csv', 'features_dataframes/sme_cder_train_ylabels_HEEH_8.csv', 'features_dataframes/sme_cder_test_X_HEEH_8.csv', 'features_dataframes/sme_cder_test_ylabels_HEEH_8.csv']",545.5167787075043
HEEH,9,"{'train_h_0_pairs': {'green': 711.0, 'red': 693.0}, 'train_h_1_pairs': {'green': 1085.5, 'red': 1030.0}, 'train_h_2_pairs': {'green': 736.5, 'red': 687.5}}","{'test_h_0_pairs': {'green': 722.0, 'red': 693.0}, 'test_h_1_pairs': {'green': 1090.0, 'red': 1026.0}, 'test_h_2_pairs': {'green': 726.5, 'red': 694.0}}",0.898936170212766,0.8125,0.8836805555555556,0.8513398407969275,"[[19  5]
 [ 4 20]]",classifiers/sme_cder_HEEH_rf_clf_gs_9.pickle,"['cder_models/HEEH_sme_cder_h0_model_iteration_9.pickle', 'cder_models/HEEH_sme_cder_h1_model_iteration_9.pickle', 'cder_models/HEEH_sme_cder_h2_model_iteration_9.pickle']","['features_dataframes/sme_cder_train_X_HEEH_9.csv', 'features_dataframes/sme_cder_train_ylabels_HEEH_9.csv', 'features_dataframes/sme_cder_test_X_HEEH_9.csv', 'features_dataframes/sme_cder_test_ylabels_HEEH_9.csv']",499.8581540584564
EHEE,0,"{'train_h_0_pairs': {'green': 668.0, 'red': 656.0}, 'train_h_1_pairs': {'green': 1010.0, 'red': 972.0}, 'train_h_2_pairs': {'green': 668.0, 'red': 622.0}}","{'test_h_0_pairs': {'green': 667.0, 'red': 659.0}, 'test_h_1_pairs': {'green': 1004.0, 'red': 972.0}, 'test_h_2_pairs': {'green': 661.5, 'red': 625.0}}",0.9880294659300184,0.8823529411764706,0.9546929065743944,0.9581901865393233,"[[122  14]
 [ 18 118]]",classifiers/sme_cder_EHEE_rf_clf_gs_0.pickle,"['cder_models/EHEE_sme_cder_h0_model_iteration_0.pickle', 'cder_models/EHEE_sme_cder_h1_model_iteration_0.pickle', 'cder_models/EHEE_sme_cder_h2_model_iteration_0.pickle']","['features_dataframes/sme_cder_train_X_EHEE_0.csv', 'features_dataframes/sme_cder_train_ylabels_EHEE_0.csv', 'features_dataframes/sme_cder_test_X_EHEE_0.csv', 'features_dataframes/sme_cder_test_ylabels_EHEE_0.csv']",8753.243546009064
EHEE,1,"{'train_h_0_pairs': {'green': 668.0, 'red': 657.0}, 'train_h_1_pairs': {'green': 1008.0, 'red': 972.0}, 'train_h_2_pairs': {'green': 667.0, 'red': 621.0}}","{'test_h_0_pairs': {'green': 666.0, 'red': 655.0}, 'test_h_1_pairs': {'green': 1009.0, 'red': 971.5}, 'test_h_2_pairs': {'green': 662.5, 'red': 625.5}}",0.9456721915285451,0.9227941176470589,0.9805903979238755,0.9837310773561672,"[[130   6]
 [ 15 121]]",classifiers/sme_cder_EHEE_rf_clf_gs_1.pickle,"['cder_models/EHEE_sme_cder_h0_model_iteration_1.pickle', 'cder_models/EHEE_sme_cder_h1_model_iteration_1.pickle', 'cder_models/EHEE_sme_cder_h2_model_iteration_1.pickle']","['features_dataframes/sme_cder_train_X_EHEE_1.csv', 'features_dataframes/sme_cder_train_ylabels_EHEE_1.csv', 'features_dataframes/sme_cder_test_X_EHEE_1.csv', 'features_dataframes/sme_cder_test_ylabels_EHEE_1.csv']",8058.105281352997
EHEE,2,"{'train_h_0_pairs': {'green': 668.0, 'red': 657.0}, 'train_h_1_pairs': {'green': 1008.0, 'red': 972.0}, 'train_h_2_pairs': {'green': 667.0, 'red': 622.0}}","{'test_h_0_pairs': {'green': 668.0, 'red': 656.0}, 'test_h_1_pairs': {'green': 1009.0, 'red': 973.0}, 'test_h_2_pairs': {'green': 662.5, 'red': 622.0}}",1.0,0.8897058823529411,0.9537467560553633,0.9601334335575303,"[[127   9]
 [ 21 115]]",classifiers/sme_cder_EHEE_rf_clf_gs_2.pickle,"['cder_models/EHEE_sme_cder_h0_model_iteration_2.pickle', 'cder_models/EHEE_sme_cder_h1_model_iteration_2.pickle', 'cder_models/EHEE_sme_cder_h2_model_iteration_2.pickle']","['features_dataframes/sme_cder_train_X_EHEE_2.csv', 'features_dataframes/sme_cder_train_ylabels_EHEE_2.csv', 'features_dataframes/sme_cder_test_X_EHEE_2.csv', 'features_dataframes/sme_cder_test_ylabels_EHEE_2.csv']",9377.615594148636
EHEE,3,"{'train_h_0_pairs': {'green': 667.0, 'red': 656.0}, 'train_h_1_pairs': {'green': 1009.0, 'red': 973.0}, 'train_h_2_pairs': {'green': 667.0, 'red': 622.0}}","{'test_h_0_pairs': {'green': 669.0, 'red': 657.0}, 'test_h_1_pairs': {'green': 1006.5, 'red': 970.0}, 'test_h_2_pairs': {'green': 662.0, 'red': 617.5}}",0.9705340699815838,0.9044117647058824,0.9792928200692042,0.9800164273276736,"[[130   6]
 [ 20 116]]",classifiers/sme_cder_EHEE_rf_clf_gs_3.pickle,"['cder_models/EHEE_sme_cder_h0_model_iteration_3.pickle', 'cder_models/EHEE_sme_cder_h1_model_iteration_3.pickle', 'cder_models/EHEE_sme_cder_h2_model_iteration_3.pickle']","['features_dataframes/sme_cder_train_X_EHEE_3.csv', 'features_dataframes/sme_cder_train_ylabels_EHEE_3.csv', 'features_dataframes/sme_cder_test_X_EHEE_3.csv', 'features_dataframes/sme_cder_test_ylabels_EHEE_3.csv']",9578.962815523148
EHEE,4,"{'train_h_0_pairs': {'green': 668.0, 'red': 656.0}, 'train_h_1_pairs': {'green': 1009.0, 'red': 971.0}, 'train_h_2_pairs': {'green': 666.0, 'red': 621.0}}","{'test_h_0_pairs': {'green': 665.5, 'red': 657.0}, 'test_h_1_pairs': {'green': 1005.5, 'red': 977.0}, 'test_h_2_pairs': {'green': 664.5, 'red': 626.0}}",0.9594843462246777,0.8860294117647058,0.9685878027681661,0.9730426188177751,"[[129   7]
 [ 24 112]]",classifiers/sme_cder_EHEE_rf_clf_gs_4.pickle,"['cder_models/EHEE_sme_cder_h0_model_iteration_4.pickle', 'cder_models/EHEE_sme_cder_h1_model_iteration_4.pickle', 'cder_models/EHEE_sme_cder_h2_model_iteration_4.pickle']","['features_dataframes/sme_cder_train_X_EHEE_4.csv', 'features_dataframes/sme_cder_train_ylabels_EHEE_4.csv', 'features_dataframes/sme_cder_test_X_EHEE_4.csv', 'features_dataframes/sme_cder_test_ylabels_EHEE_4.csv']",8731.599573373795
EHEE,5,"{'train_h_0_pairs': {'green': 668.0, 'red': 656.0}, 'train_h_1_pairs': {'green': 1009.0, 'red': 972.0}, 'train_h_2_pairs': {'green': 666.0, 'red': 622.0}}","{'test_h_0_pairs': {'green': 667.0, 'red': 657.0}, 'test_h_1_pairs': {'green': 1007.0, 'red': 974.5}, 'test_h_2_pairs': {'green': 665.0, 'red': 621.0}}",0.9760589318600368,0.8897058823529411,0.9529087370242214,0.9580378918917158,"[[126  10]
 [ 20 116]]",classifiers/sme_cder_EHEE_rf_clf_gs_5.pickle,"['cder_models/EHEE_sme_cder_h0_model_iteration_5.pickle', 'cder_models/EHEE_sme_cder_h1_model_iteration_5.pickle', 'cder_models/EHEE_sme_cder_h2_model_iteration_5.pickle']","['features_dataframes/sme_cder_train_X_EHEE_5.csv', 'features_dataframes/sme_cder_train_ylabels_EHEE_5.csv', 'features_dataframes/sme_cder_test_X_EHEE_5.csv', 'features_dataframes/sme_cder_test_ylabels_EHEE_5.csv']",8945.330859661102
EHEE,6,"{'train_h_0_pairs': {'green': 668.0, 'red': 656.0}, 'train_h_1_pairs': {'green': 1010.0, 'red': 972.0}, 'train_h_2_pairs': {'green': 668.0, 'red': 622.0}}","{'test_h_0_pairs': {'green': 666.0, 'red': 657.5}, 'test_h_1_pairs': {'green': 1004.0, 'red': 972.5}, 'test_h_2_pairs': {'green': 660.0, 'red': 623.0}}",0.9732965009208103,0.8823529411764706,0.9595588235294117,0.9553485203361546,"[[121  15]
 [ 17 119]]",classifiers/sme_cder_EHEE_rf_clf_gs_6.pickle,"['cder_models/EHEE_sme_cder_h0_model_iteration_6.pickle', 'cder_models/EHEE_sme_cder_h1_model_iteration_6.pickle', 'cder_models/EHEE_sme_cder_h2_model_iteration_6.pickle']","['features_dataframes/sme_cder_train_X_EHEE_6.csv', 'features_dataframes/sme_cder_train_ylabels_EHEE_6.csv', 'features_dataframes/sme_cder_test_X_EHEE_6.csv', 'features_dataframes/sme_cder_test_ylabels_EHEE_6.csv']",8686.888604402542
EHEE,7,"{'train_h_0_pairs': {'green': 668.0, 'red': 656.0}, 'train_h_1_pairs': {'green': 1008.0, 'red': 973.0}, 'train_h_2_pairs': {'green': 665.0, 'red': 623.0}}","{'test_h_0_pairs': {'green': 668.0, 'red': 657.0}, 'test_h_1_pairs': {'green': 1013.0, 'red': 970.0}, 'test_h_2_pairs': {'green': 670.0, 'red': 618.0}}",0.9751381215469613,0.9191176470588235,0.9711288927335641,0.9757858943321643,"[[131   5]
 [ 17 119]]",classifiers/sme_cder_EHEE_rf_clf_gs_7.pickle,"['cder_models/EHEE_sme_cder_h0_model_iteration_7.pickle', 'cder_models/EHEE_sme_cder_h1_model_iteration_7.pickle', 'cder_models/EHEE_sme_cder_h2_model_iteration_7.pickle']","['features_dataframes/sme_cder_train_X_EHEE_7.csv', 'features_dataframes/sme_cder_train_ylabels_EHEE_7.csv', 'features_dataframes/sme_cder_test_X_EHEE_7.csv', 'features_dataframes/sme_cder_test_ylabels_EHEE_7.csv']",8843.09777545929
EHEE,8,"{'train_h_0_pairs': {'green': 668.0, 'red': 657.0}, 'train_h_1_pairs': {'green': 1009.0, 'red': 972.0}, 'train_h_2_pairs': {'green': 667.0, 'red': 623.0}}","{'test_h_0_pairs': {'green': 667.0, 'red': 653.5}, 'test_h_1_pairs': {'green': 1007.0, 'red': 975.0}, 'test_h_2_pairs': {'green': 663.5, 'red': 617.5}}",0.9742173112338858,0.9117647058823529,0.9699935121107266,0.9709981333929096,"[[126  10]
 [ 14 122]]",classifiers/sme_cder_EHEE_rf_clf_gs_8.pickle,"['cder_models/EHEE_sme_cder_h0_model_iteration_8.pickle', 'cder_models/EHEE_sme_cder_h1_model_iteration_8.pickle', 'cder_models/EHEE_sme_cder_h2_model_iteration_8.pickle']","['features_dataframes/sme_cder_train_X_EHEE_8.csv', 'features_dataframes/sme_cder_train_ylabels_EHEE_8.csv', 'features_dataframes/sme_cder_test_X_EHEE_8.csv', 'features_dataframes/sme_cder_test_ylabels_EHEE_8.csv']",9454.355602025986
EHEE,9,"{'train_h_0_pairs': {'green': 667.0, 'red': 657.0}, 'train_h_1_pairs': {'green': 1009.0, 'red': 971.0}, 'train_h_2_pairs': {'green': 666.0, 'red': 622.0}}","{'test_h_0_pairs': {'green': 670.0, 'red': 654.0}, 'test_h_1_pairs': {'green': 1007.0, 'red': 974.0}, 'test_h_2_pairs': {'green': 663.5, 'red': 621.5}}",0.9898710865561694,0.8860294117647058,0.9631812283737025,0.9685414292204212,"[[127   9]
 [ 22 114]]",classifiers/sme_cder_EHEE_rf_clf_gs_9.pickle,"['cder_models/EHEE_sme_cder_h0_model_iteration_9.pickle', 'cder_models/EHEE_sme_cder_h1_model_iteration_9.pickle', 'cder_models/EHEE_sme_cder_h2_model_iteration_9.pickle']","['features_dataframes/sme_cder_train_X_EHEE_9.csv', 'features_dataframes/sme_cder_train_ylabels_EHEE_9.csv', 'features_dataframes/sme_cder_test_X_EHEE_9.csv', 'features_dataframes/sme_cder_test_ylabels_EHEE_9.csv']",8226.065788507462
